cgpa,tenth_percentage,twelfth_percentage,backlogs,technical_skills,programming_languages,projects,internships,certifications,aptitude_score,communication_score,branch,year,placed
6.28,52.39,72.95,3,6,3,0,2,6,56.81,39.65,7,4,0
8.63,51.9,95.97,2,5,5,1,0,2,45.55,84.32,4,4,1
7.96,87.31,58.8,5,5,3,3,3,4,87.72,85.83,8,3,1
5.51,82.95,60.7,2,2,2,0,1,0,72.58,67.65,5,2,0
9.59,90.11,50.65,3,7,4,3,0,4,61.1,51.68,7,4,1
8.95,55.27,50.71,3,6,1,1,2,3,96.08,40.15,10,2,1
5.12,51.78,91.47,3,6,5,2,1,2,33.35,81.58,3,4,0
8.26,75.43,86.61,1,5,1,1,2,2,89.51,72.1,7,4,1
8.86,69.38,67.75,4,4,4,1,2,3,99.83,75.88,8,1,1
6.87,73.1,84.92,2,9,1,1,0,0,92.09,30.61,5,2,0
5.34,99.58,69.76,4,7,4,4,2,5,86.73,94.93,4,2,1
5.39,98.54,97.64,4,4,1,3,1,3,56.2,34.64,8,4,0
5.52,97.12,98.35,5,8,5,3,2,0,46.19,55.68,8,2,0
9.2,89.19,69.64,3,8,2,5,3,1,81.44,58.19,3,4,1
9.55,67.74,92.71,1,0,1,3,2,6,51.32,30.09,6,2,1
5.61,70.61,88.65,5,5,5,5,0,2,42.32,64.8,5,1,0
6.18,77.48,65.5,0,6,3,4,1,0,85.06,82.7,2,2,1
5.83,91.53,61.6,1,2,4,2,0,4,51.88,87.63,8,1,0
5.93,53.44,72.91,4,6,0,5,3,6,94.01,91.56,6,3,1
9.19,71.21,89.07,1,10,0,1,2,4,88.84,64.14,2,2,1
6.66,54.13,98.01,3,10,4,2,0,6,89.33,74.14,5,2,1
6.56,75.73,88.18,0,6,2,4,0,2,84.01,35.57,1,2,1
6.14,94.95,92.76,3,10,1,3,0,3,91.66,64.16,10,1,1
8.04,89.12,80.15,0,1,2,5,0,5,86.4,40.84,6,2,1
6.9,61.39,91.77,5,6,0,1,3,3,72.18,55.88,9,2,0
8.72,98.8,89.22,4,0,5,0,3,0,50.71,53.05,1,4,0
6.03,83.37,68.85,0,4,4,0,2,3,92.17,59.65,10,3,1
8.94,50.52,77.6,0,8,4,2,2,2,88.84,70.01,3,1,1
8.02,62.77,90.24,0,6,2,3,1,0,63.1,93.2,7,4,1
5.57,63.04,52.3,1,6,5,0,3,1,32.74,57.61,4,1,0
7.07,53.46,90.4,5,10,2,2,0,3,74.7,98.68,9,4,0
9.32,97.99,58.89,1,1,1,4,0,3,33.54,83.13,3,3,1
9.61,73.91,75.73,4,7,3,2,1,5,94.84,65.8,5,4,1
7.33,94.79,90.41,0,2,5,2,0,0,97.31,75.08,3,1,1
7.4,66.11,62.69,5,7,3,2,1,4,43.26,37.16,7,2,0
9.59,56.26,62.29,5,2,1,1,2,3,77.35,89.12,5,2,0
7.94,73.72,70.14,2,9,3,2,3,2,36.46,70.77,9,3,1
5.16,55.7,94.73,4,6,0,5,1,3,81.07,99.02,7,1,0
9.56,74.3,50.02,5,1,3,2,0,5,54.31,74.55,2,1,0
6.24,96.01,95.07,0,3,1,1,1,1,77.67,88.39,4,1,0
7.89,76.04,57.69,0,10,3,1,2,5,56.1,85.98,9,3,1
5.83,80.82,99.5,5,5,4,4,0,3,40.19,54.18,2,2,0
5.17,57.83,97.74,1,10,2,3,2,4,58.43,48.17,10,4,1
6.56,52.19,74.73,4,8,0,0,2,6,37.89,60.13,9,3,0
8.9,55.54,75.64,0,4,4,0,1,3,70.38,62.71,10,4,1
6.39,79.93,74.08,5,8,4,2,2,0,32.87,46.81,5,2,0
6.1,54.75,81.77,0,4,1,4,0,3,66.91,92.62,2,3,0
6.06,68.8,54.54,5,9,2,2,2,4,92.05,67.98,4,2,0
7.58,77.5,51.63,4,7,2,0,2,0,88.65,98.49,7,4,0
9.88,69.43,52.89,5,0,5,1,1,2,91.79,86.7,8,1,0
7.29,58.18,72.22,2,6,0,3,2,0,94.54,68.9,3,1,1
7.79,63.69,63.78,5,3,1,4,3,5,37.32,96.29,1,4,0
9.3,96.42,81.1,5,4,0,1,1,1,39.01,65.34,4,1,0
7.68,83.8,99.62,4,5,5,3,1,5,68.99,92.1,2,4,1
5.92,74.8,69.32,5,4,3,4,0,6,92.58,55.07,8,3,0
6.5,50.64,78.69,4,0,4,4,0,0,98.2,56.5,4,3,0
6.55,99.62,70.78,2,8,0,0,0,2,33.24,59.27,2,3,0
6.99,83.57,92.36,4,1,4,1,0,3,54.9,68.26,6,1,0
7.13,65.85,95.11,0,8,1,4,3,0,44.9,68.74,6,2,1
9.0,93.96,93.87,4,9,3,5,1,5,82.92,64.75,10,1,1
6.75,62.92,98.72,2,1,1,4,2,0,74.81,51.42,4,1,0
7.34,77.2,51.38,3,8,3,3,0,0,38.39,94.9,6,2,0
8.12,81.8,91.99,5,5,3,0,0,0,63.85,71.2,2,2,0
6.89,61.05,87.59,4,10,4,2,0,2,77.98,58.54,10,2,0
9.18,98.92,61.43,5,8,1,0,2,4,84.53,75.58,2,2,1
7.94,87.41,97.82,1,5,1,2,0,4,31.4,83.76,10,1,1
6.47,77.89,57.41,0,5,0,1,2,0,92.33,97.25,4,4,1
8.57,59.03,83.98,0,10,1,1,1,2,69.85,64.97,8,3,1
7.64,52.69,61.24,1,1,0,4,1,2,86.83,37.85,7,4,0
7.67,66.0,71.57,1,7,2,5,1,6,86.56,60.85,9,1,1
7.41,87.66,85.96,4,2,2,1,3,0,43.29,63.53,8,2,0
7.49,63.47,78.17,1,6,2,4,2,5,37.71,92.79,5,3,1
8.83,76.98,71.38,3,4,5,0,0,5,80.49,57.64,2,3,1
5.51,86.4,66.32,5,2,1,1,0,1,40.95,96.73,5,4,0
6.67,55.4,91.98,5,0,5,0,0,0,89.5,63.96,8,1,0
5.38,84.26,57.19,2,7,1,0,0,1,80.83,98.16,10,1,0
8.77,54.59,71.51,1,2,0,5,3,5,88.93,30.57,9,1,1
6.36,98.26,95.19,1,1,5,1,0,5,50.93,92.92,9,3,0
9.49,74.42,92.29,3,0,5,0,3,0,52.16,95.18,1,4,1
7.63,57.53,70.05,0,3,5,5,2,1,76.99,97.27,9,3,1
9.0,67.12,88.16,0,7,3,5,1,1,32.2,30.92,7,3,1
9.89,70.67,91.16,5,2,0,1,0,0,80.85,42.02,9,2,0
9.2,87.91,94.44,5,0,2,5,1,6,88.5,75.76,8,4,1
9.33,87.17,77.23,4,3,0,1,2,1,59.06,31.78,1,2,0
7.04,80.6,60.22,3,8,3,1,2,6,83.54,34.45,8,1,1
7.76,55.3,62.77,2,0,1,2,0,3,42.22,45.48,8,3,0
6.27,57.58,64.78,2,10,0,0,2,5,52.56,65.87,3,4,0
5.98,54.69,79.69,3,1,5,3,1,4,98.2,68.21,1,1,0
7.53,78.86,51.64,2,8,2,1,0,6,99.04,32.4,8,4,1
7.98,93.86,81.8,0,1,2,0,3,6,65.88,41.93,3,3,1
6.7,71.69,68.22,2,2,1,5,0,6,95.4,64.98,3,4,0
7.85,58.04,64.76,2,6,0,4,1,2,66.59,71.58,1,1,1
9.44,77.9,93.97,3,2,3,1,0,1,50.41,40.39,5,2,0
7.78,90.59,73.0,3,8,1,5,0,1,48.68,57.92,10,3,0
8.6,87.09,54.75,2,5,0,5,1,2,95.07,93.31,7,2,1
9.03,94.07,91.34,1,2,4,5,0,1,42.07,99.92,10,3,1
9.94,63.9,52.38,3,8,2,5,0,2,70.57,99.11,9,1,1
8.02,59.7,86.34,4,0,3,5,1,6,68.89,91.72,7,3,1
9.03,93.99,88.7,4,9,5,1,2,0,81.77,57.63,9,2,1
9.81,82.88,67.63,0,2,3,3,1,3,64.95,78.06,8,3,1
9.72,65.55,91.24,2,0,5,2,0,6,49.06,59.16,2,1,1
5.71,87.12,75.78,1,1,3,5,3,3,41.86,75.4,1,3,0
7.03,90.76,73.16,0,7,2,5,3,5,73.46,51.66,7,2,1
6.62,80.75,52.27,2,6,5,2,1,6,80.33,72.43,7,1,1
5.43,84.39,64.5,3,1,0,1,3,4,69.87,66.66,8,2,0
8.17,68.76,96.55,4,1,5,0,0,1,81.68,31.71,5,3,0
8.68,76.93,69.59,5,8,1,4,0,4,39.91,85.35,3,4,0
9.24,76.21,77.34,1,5,0,4,1,0,91.77,30.83,8,2,1
5.61,92.4,76.6,5,4,1,0,0,3,70.77,50.52,6,3,0
9.38,92.0,79.52,4,9,3,1,2,6,38.88,30.41,3,4,1
8.21,91.63,53.07,5,5,0,4,0,0,62.33,56.33,1,4,0
8.52,50.55,68.11,3,8,3,2,1,0,89.14,34.42,3,1,1
9.55,87.48,86.16,2,10,4,0,2,1,92.83,93.95,5,4,1
8.12,87.93,60.03,3,6,3,3,2,0,48.53,59.1,3,2,1
6.68,83.92,60.18,5,9,3,1,3,6,79.79,62.16,1,2,0
9.13,87.81,50.5,3,9,1,0,0,6,37.0,54.49,5,4,0
6.82,92.1,71.87,4,8,5,4,1,3,32.35,73.93,10,3,0
5.17,73.52,94.14,1,3,4,1,3,6,69.23,84.91,7,2,1
9.15,75.1,52.6,3,1,3,2,3,4,78.64,75.37,7,2,1
6.73,56.24,59.56,4,7,3,1,0,3,85.71,82.37,9,1,0
8.87,69.27,65.5,1,3,4,1,0,1,53.82,93.42,10,3,1
6.81,82.17,86.59,2,8,4,2,1,3,30.46,90.45,10,4,1
9.31,89.02,82.03,5,3,0,5,3,2,63.57,77.18,3,3,1
6.1,60.86,70.8,2,7,1,2,1,4,31.11,45.02,7,1,0
9.87,56.89,87.95,0,8,4,1,3,2,36.44,74.64,1,1,1
8.9,83.15,80.48,4,8,4,2,3,2,52.87,65.43,4,3,1
5.57,50.09,94.8,1,9,2,5,3,5,60.6,80.21,4,1,1
7.83,58.92,90.9,3,3,5,0,0,6,49.56,88.31,5,1,0
9.93,51.45,62.64,2,0,4,2,3,1,70.73,81.99,7,1,1
7.36,58.34,63.57,1,2,1,2,3,0,33.87,89.26,7,3,0
5.91,59.07,56.27,4,8,5,1,3,2,40.12,34.47,4,1,0
7.42,69.38,66.85,0,3,5,0,2,3,78.67,32.21,7,4,1
7.56,70.12,99.98,2,4,3,3,0,0,39.95,48.1,3,4,0
8.71,93.71,70.29,5,6,3,3,2,3,74.78,93.05,6,2,1
8.49,75.51,61.02,1,4,3,4,0,3,33.83,87.66,2,4,1
7.01,86.17,88.12,5,3,3,2,1,0,58.52,77.79,10,2,0
6.09,55.21,77.12,1,1,2,2,2,0,42.42,79.05,9,3,0
8.23,61.27,57.48,1,1,4,0,1,6,37.67,80.87,5,1,0
7.11,85.15,69.03,4,3,3,5,3,3,69.69,95.98,6,4,1
5.66,52.64,70.72,4,9,0,3,1,1,94.98,88.25,4,2,0
9.5,74.33,87.69,4,9,3,4,1,6,33.84,73.64,10,3,1
8.46,79.97,51.03,3,8,4,0,1,4,59.51,76.6,7,2,1
8.42,80.11,63.45,1,7,3,2,1,5,79.53,44.96,9,1,1
9.11,51.15,75.88,2,2,2,3,0,4,62.39,76.01,7,4,1
7.65,66.11,63.44,5,8,1,4,2,1,86.45,59.73,1,3,0
9.08,81.82,81.42,4,4,1,1,0,6,42.58,40.71,1,2,0
7.49,57.45,74.09,4,10,4,3,0,5,97.17,86.45,9,3,1
5.34,84.77,68.09,5,2,1,4,0,6,56.96,65.72,9,2,0
7.03,87.3,97.46,5,4,1,0,1,0,53.91,98.42,4,2,0
7.49,99.1,81.61,1,9,0,1,0,5,91.22,49.72,9,1,1
8.6,60.49,56.5,4,3,4,4,2,3,69.47,63.65,3,1,1
5.53,91.26,78.0,5,7,4,4,0,4,66.15,61.36,7,2,0
5.7,76.01,89.04,3,4,1,2,3,5,80.89,38.45,6,4,0
6.32,68.67,85.42,3,9,1,5,1,3,70.59,59.83,8,3,1
6.33,56.12,58.6,4,7,1,3,3,6,41.38,50.13,9,3,0
8.66,86.78,98.62,5,8,5,2,2,1,77.19,41.22,5,1,1
6.25,61.79,72.44,1,3,2,1,2,5,39.34,49.75,1,4,0
8.17,68.57,57.95,1,6,3,5,2,3,86.41,46.33,3,2,1
7.47,53.13,59.01,1,1,2,4,2,6,99.28,81.39,10,1,1
7.87,90.07,54.91,0,5,4,2,0,6,56.42,32.15,8,2,1
9.19,88.33,90.18,4,7,0,5,1,6,61.13,73.22,6,2,1
7.02,86.68,56.1,1,6,3,3,2,1,33.25,83.25,8,1,1
8.85,64.97,56.26,3,6,0,1,3,0,30.96,63.65,9,4,0
7.11,58.67,92.52,5,7,5,0,2,1,94.5,95.21,4,3,0
6.77,81.88,67.23,2,6,4,2,1,1,39.0,79.55,1,1,0
9.79,74.81,51.54,2,4,5,1,3,4,61.2,82.35,1,4,1
5.92,58.91,52.59,1,6,4,0,3,6,87.07,43.79,10,2,0
5.45,84.3,57.11,2,9,0,2,3,3,92.25,84.41,4,1,1
8.85,99.56,60.67,2,2,0,1,0,5,66.36,88.25,7,3,1
5.34,87.36,83.26,0,4,0,1,2,4,69.55,55.29,2,3,0
9.19,87.0,57.87,3,6,4,5,0,6,76.88,44.94,3,2,1
7.19,97.52,55.94,3,8,1,2,3,2,97.3,56.95,1,1,1
9.58,60.15,88.24,0,1,0,1,0,1,72.19,81.77,5,3,1
8.61,78.28,83.55,0,3,5,4,0,2,69.16,59.23,1,1,1
8.05,98.98,71.77,2,6,3,2,0,6,31.02,81.57,8,3,1
9.75,58.26,77.47,4,0,4,1,2,4,35.67,37.95,1,2,0
6.98,85.01,65.6,5,1,5,5,3,3,70.4,86.42,1,2,0
9.77,79.29,74.13,5,8,2,0,3,4,95.54,47.72,2,1,1
5.68,79.32,75.33,2,9,2,0,2,3,90.67,47.43,2,4,0
7.42,84.88,69.36,5,6,3,4,0,3,98.78,71.33,6,4,0
6.35,96.48,95.33,0,9,1,2,0,6,66.95,34.91,7,2,1
7.7,89.13,50.8,3,6,0,5,1,0,85.16,31.84,5,3,0
5.81,52.81,89.11,5,5,4,1,1,6,88.83,48.27,1,4,0
9.21,92.64,56.22,2,2,5,1,1,1,75.36,67.66,1,2,1
9.23,61.28,89.88,4,9,0,0,2,4,53.71,93.53,3,3,1
9.78,68.85,80.8,2,2,5,5,3,3,62.9,89.25,2,3,1
5.77,73.09,92.16,1,1,4,4,1,6,90.05,64.33,5,4,1
8.12,74.05,54.88,2,10,2,0,3,6,50.9,32.59,10,2,1
7.37,71.76,77.95,0,5,0,0,3,4,94.66,67.47,6,3,1
6.72,96.87,75.05,3,3,3,4,3,4,46.09,79.34,7,3,1
6.76,85.3,85.31,3,4,1,2,2,3,82.47,53.74,4,1,0
7.06,81.56,76.71,5,2,3,1,2,5,74.14,37.77,7,1,0
8.52,52.49,77.04,0,5,1,2,2,2,82.47,49.5,8,4,1
7.99,95.2,71.48,1,10,5,5,2,1,60.61,84.01,1,1,1
7.3,95.47,65.44,0,2,0,3,1,1,95.28,54.59,6,2,1
5.38,89.01,74.11,2,7,0,3,0,5,74.27,86.84,8,4,0
5.39,50.35,55.92,0,8,1,3,0,0,50.18,52.37,5,4,0
5.01,52.86,98.08,0,3,2,4,0,5,74.69,41.45,4,1,0
9.84,61.26,85.72,1,8,4,0,1,0,50.08,60.51,2,3,1
5.03,56.57,97.62,2,6,3,2,0,0,50.55,61.66,6,2,0
5.52,69.94,61.34,4,2,5,1,1,5,57.97,31.13,6,2,0
6.57,96.13,93.97,4,6,3,3,1,1,89.67,38.19,1,2,0
9.04,73.6,90.44,3,0,3,2,1,2,65.02,42.94,9,4,0
9.81,50.67,83.86,5,2,5,3,0,1,77.52,37.95,6,2,0
8.95,64.14,81.25,0,5,5,3,3,6,57.44,53.91,3,3,1
8.45,52.23,65.83,3,3,0,1,0,1,48.45,97.52,4,3,0
7.61,51.81,90.82,1,6,3,5,0,1,96.82,65.65,4,1,1
5.43,63.79,75.08,4,2,4,5,2,5,72.25,73.93,3,2,0
9.79,63.78,53.54,0,0,4,5,1,5,95.38,54.95,10,4,1
8.79,89.36,65.64,1,8,1,4,3,6,44.24,52.64,3,1,1
8.19,98.74,96.76,5,5,5,0,2,6,40.28,31.62,3,3,0
8.8,68.56,92.53,1,7,0,4,3,5,89.91,65.02,4,2,1
8.62,71.44,99.1,0,2,4,2,3,1,77.66,63.85,7,3,1
8.19,92.24,81.4,5,7,2,4,1,2,43.06,41.05,4,1,0
9.9,63.41,62.38,1,1,0,2,0,0,48.86,83.5,9,3,0
9.52,57.82,58.14,5,3,0,2,1,4,86.05,64.49,1,2,0
8.23,92.65,59.35,0,2,4,0,1,0,61.77,53.73,8,2,1
8.47,52.33,50.99,0,9,2,1,2,6,76.94,40.28,7,1,1
5.26,80.98,69.53,5,0,1,0,1,6,52.28,68.65,2,2,0
8.35,78.1,59.57,2,6,4,5,0,0,56.69,82.7,8,3,1
5.22,67.3,70.58,3,10,2,5,3,4,99.35,49.74,1,3,1
7.94,65.76,96.75,1,9,0,4,1,1,47.33,45.32,9,4,1
10.0,88.59,71.53,1,1,2,2,3,2,65.45,66.54,9,4,1
7.78,54.32,93.9,2,3,0,3,1,2,89.11,40.87,2,4,0
7.37,61.84,80.28,2,8,4,3,3,0,46.75,76.66,7,3,1
6.56,86.62,62.36,2,5,5,2,1,4,59.06,72.37,10,3,0
5.6,77.42,67.79,4,7,4,0,2,6,73.06,36.1,3,1,0
8.66,56.4,54.2,4,1,3,1,3,3,63.68,32.56,7,4,0
5.96,94.11,66.67,5,6,3,0,1,1,62.17,73.42,10,3,0
5.58,69.67,83.88,4,5,3,2,1,0,55.38,50.6,9,1,0
7.11,91.39,53.61,0,8,4,2,2,2,71.07,36.05,4,3,1
8.98,89.39,60.27,5,6,1,1,2,6,73.71,83.16,1,1,1
8.73,81.22,69.07,1,0,4,4,2,5,75.73,51.98,2,4,1
5.27,74.72,99.1,3,7,5,4,3,5,34.93,62.17,1,4,1
7.28,98.98,89.24,0,10,2,1,3,4,74.17,46.58,5,4,1
7.61,57.25,86.67,1,9,4,4,2,4,96.73,73.91,5,3,1
8.22,86.26,55.81,1,2,4,3,0,0,67.87,51.1,7,3,0
8.25,59.56,89.05,5,1,0,4,0,3,80.07,97.76,9,1,0
6.82,66.91,89.26,2,2,0,4,1,2,68.97,79.21,9,2,0
7.8,65.43,80.06,2,10,0,4,0,0,89.83,39.57,3,2,1
7.41,97.35,99.52,0,5,4,3,1,3,95.07,59.17,3,4,1
9.42,98.37,66.26,2,2,1,4,3,6,42.9,56.98,3,2,1
7.65,59.15,97.06,1,9,2,5,3,4,60.58,67.4,4,4,1
7.21,51.1,95.74,2,4,2,3,0,5,57.47,88.94,8,1,0
7.02,86.0,50.57,4,5,5,1,3,1,58.37,70.84,6,2,0
7.86,70.9,72.51,2,7,1,0,2,6,38.79,34.31,8,2,0
9.02,54.44,98.86,1,6,1,1,2,5,86.95,75.88,1,4,1
7.69,84.19,55.16,5,10,2,0,0,2,32.5,30.58,8,1,0
8.31,77.26,77.39,0,7,3,1,0,2,66.98,84.6,4,2,1
8.69,99.03,98.95,3,2,0,5,1,5,76.33,76.66,1,2,1
7.6,61.37,77.77,2,3,0,0,3,6,44.52,51.61,8,2,0
7.13,70.2,59.49,1,5,2,0,1,5,93.41,50.47,4,1,0
9.38,77.13,79.11,3,10,1,2,1,3,88.7,85.88,6,1,1
7.09,89.58,60.22,3,6,5,0,2,0,62.98,84.83,8,2,0
7.31,77.44,75.99,4,8,3,0,2,4,58.78,54.66,4,4,0
9.95,80.65,53.7,3,0,2,2,2,3,46.56,50.93,3,4,0
5.0,61.31,80.27,5,7,0,4,2,1,81.1,69.19,9,2,0
5.93,92.35,75.84,1,7,4,4,1,5,39.22,30.59,3,1,1
6.92,71.43,87.01,1,5,1,2,2,1,77.62,35.79,9,2,0
9.66,57.05,81.54,2,3,4,3,3,1,88.97,38.83,2,1,1
5.35,83.21,77.48,2,2,5,0,2,3,45.99,42.98,2,2,0
5.05,60.8,84.49,2,10,2,0,2,4,90.65,65.84,2,1,0
5.26,54.88,57.2,5,2,0,2,2,6,32.33,99.46,6,3,0
5.44,93.1,79.77,3,5,3,2,0,2,93.9,75.68,3,4,0
5.19,73.01,58.61,3,7,4,3,3,0,38.29,34.29,9,3,0
7.4,87.46,96.28,4,6,3,5,3,2,75.2,66.79,4,4,1
7.9,64.53,53.42,5,10,5,4,1,4,47.51,64.77,1,1,1
6.36,89.35,71.52,2,0,0,1,1,2,88.56,40.09,4,3,0
6.99,55.6,84.79,0,10,4,5,2,5,65.86,94.42,1,4,1
5.46,67.8,72.9,4,5,5,4,0,5,39.47,60.85,5,2,0
6.68,98.9,54.6,0,6,3,0,1,3,69.97,99.62,4,1,1
7.61,89.7,77.67,3,6,3,5,1,1,58.55,59.41,8,1,1
8.66,74.86,82.08,4,8,4,2,2,4,76.3,72.56,8,2,1
5.02,66.99,85.19,4,10,0,3,2,4,91.73,37.33,7,2,0
7.34,93.61,68.66,1,10,3,4,1,2,58.66,61.8,3,4,1
6.49,77.24,78.18,3,9,2,3,1,3,50.29,46.71,1,1,0
9.26,87.92,72.53,3,4,5,4,3,2,31.02,88.49,1,4,1
8.58,87.71,83.6,5,0,4,5,0,2,70.24,84.87,3,2,0
7.95,50.9,79.18,4,1,1,0,3,4,58.16,87.69,6,1,0
6.39,56.31,76.29,3,3,1,1,1,2,56.23,80.65,7,2,0
9.55,82.98,62.48,4,4,0,3,3,1,42.81,88.29,6,4,1
5.23,58.08,50.1,5,8,2,3,3,2,60.1,44.06,6,4,0
5.55,62.77,58.7,5,10,3,1,1,1,98.91,61.64,6,4,0
6.96,97.33,55.85,1,0,1,3,2,4,50.84,78.43,3,1,0
5.62,78.01,72.45,4,2,0,3,1,3,71.98,74.62,6,2,0
9.78,87.54,80.61,3,4,5,4,2,5,84.35,80.14,8,2,1
8.99,77.9,60.65,3,2,2,4,1,1,82.44,45.7,2,4,1
6.29,77.63,96.95,4,3,2,1,1,3,53.01,36.89,5,4,0
7.94,54.71,50.33,4,2,0,0,1,3,72.76,94.18,1,4,0
9.91,67.18,88.62,4,3,0,5,0,1,90.99,69.21,1,4,1
9.42,64.12,81.26,2,0,3,5,2,4,31.08,40.77,5,3,1
8.0,69.54,68.68,3,7,0,3,0,0,60.5,85.54,3,3,0
9.52,89.92,52.52,5,3,3,0,1,3,45.7,94.05,4,3,0
9.95,68.6,81.37,3,6,3,1,3,3,57.2,41.87,3,4,1
8.72,72.58,69.28,2,1,4,1,0,4,59.12,87.22,1,4,0
5.32,69.87,96.81,4,1,2,4,2,4,82.27,95.33,1,2,0
7.01,54.67,77.1,1,5,5,3,1,2,36.57,95.69,5,1,1
9.19,72.05,96.98,4,1,2,2,0,4,65.88,93.99,6,2,0
6.15,59.78,61.02,4,5,2,1,3,3,69.49,68.25,3,3,0
9.15,59.34,86.29,2,10,4,3,0,1,64.59,54.93,9,2,1
5.6,54.7,80.86,3,1,3,0,2,0,81.23,30.51,5,4,0
5.23,67.83,86.97,4,3,3,4,0,6,56.87,34.26,8,3,0
6.92,87.87,60.73,3,6,0,5,3,2,96.15,60.02,1,3,1
5.18,63.82,83.25,0,7,4,0,3,6,63.73,57.95,5,1,1
9.79,65.62,74.9,5,2,0,1,2,1,69.98,42.93,3,1,0
9.13,82.13,87.14,3,8,4,1,3,0,87.79,57.68,1,3,1
9.0,59.79,66.35,1,1,0,0,1,0,49.27,42.23,4,3,0
8.15,94.85,94.5,5,7,1,1,3,0,35.26,89.42,5,2,0
6.08,76.01,54.22,1,7,2,3,1,5,79.54,50.87,7,3,1
7.59,72.38,90.36,4,3,2,1,0,1,63.81,71.9,1,4,0
7.99,77.89,93.07,5,0,5,4,1,2,92.76,65.2,3,2,0
7.63,58.3,90.86,3,0,3,3,1,2,98.79,33.63,2,4,0
6.3,80.67,75.64,5,1,5,2,0,0,57.94,95.96,9,4,0
7.58,68.16,71.92,4,8,1,1,3,1,59.08,66.91,10,4,0
7.46,94.86,99.81,2,1,5,1,1,5,58.56,52.75,6,3,0
9.98,58.44,61.46,1,1,2,4,3,0,52.72,41.07,10,1,1
9.49,75.35,77.34,4,5,3,4,0,4,84.72,53.7,3,1,1
7.32,79.91,83.53,2,6,1,5,2,6,83.13,31.44,8,4,1
8.11,51.67,85.04,5,6,2,0,3,2,63.51,55.45,8,3,0
8.74,68.18,60.2,5,8,0,0,3,6,33.13,67.2,2,2,0
5.17,86.63,82.7,4,5,4,0,2,3,51.67,91.03,6,4,0
9.47,91.02,90.92,3,7,1,4,2,0,50.46,78.12,7,2,1
9.3,65.66,52.5,5,10,3,0,0,4,86.78,37.81,2,2,0
7.29,89.93,95.58,3,5,5,0,3,2,36.13,40.34,10,3,0
6.96,98.39,51.48,3,1,5,2,3,6,86.4,59.97,2,3,1
6.36,92.84,67.8,3,0,1,0,0,5,76.84,43.7,10,1,0
7.38,55.88,50.79,0,4,3,1,3,1,81.27,31.95,1,1,1
5.22,86.99,53.86,2,8,1,5,1,2,60.25,86.35,8,3,0
9.26,65.98,95.56,2,7,3,4,1,6,77.58,31.37,1,4,1
5.18,99.42,67.74,5,3,5,3,1,1,72.63,88.15,9,1,0
6.65,74.27,71.24,5,4,2,5,3,6,83.83,40.09,6,2,0
9.66,56.12,60.77,3,4,0,2,1,1,61.27,98.23,7,4,1
8.68,86.26,79.85,0,5,2,4,1,5,63.1,72.27,10,2,1
6.41,66.15,79.74,3,2,0,4,0,5,75.05,81.45,7,3,0
6.26,99.85,68.61,0,4,5,1,0,0,37.57,37.73,10,2,0
5.03,98.99,66.65,3,1,2,5,2,0,60.54,90.35,3,4,0
8.48,82.81,94.25,1,9,2,5,2,2,98.04,88.74,2,3,1
5.24,56.49,69.16,1,0,1,0,2,5,32.63,75.71,9,4,0
7.66,84.34,74.68,4,10,4,1,2,4,52.12,65.16,8,2,1
9.81,54.65,64.17,3,0,5,0,0,6,51.99,80.5,10,4,0
5.55,51.47,89.34,5,9,3,0,0,6,74.34,30.41,7,3,0
9.47,91.15,69.87,2,6,5,4,0,6,37.41,71.47,9,2,1
9.96,60.49,75.68,4,1,3,5,1,2,74.0,89.32,4,2,1
5.31,68.95,62.67,5,3,3,0,1,6,36.65,54.98,4,1,0
9.41,98.67,99.38,1,4,0,2,2,3,36.65,37.58,1,1,1
7.58,66.84,64.57,3,6,3,2,1,1,80.97,59.46,8,4,0
9.53,64.82,88.54,4,1,3,5,3,6,52.69,80.9,3,1,1
7.86,95.91,71.37,3,5,1,2,0,1,98.42,37.51,7,1,0
8.31,55.54,60.31,1,0,2,4,2,0,32.61,44.42,2,1,0
7.72,87.98,89.99,4,6,5,1,2,6,61.16,40.33,2,1,1
9.32,99.4,66.68,1,8,5,3,3,4,37.92,85.79,7,3,1
8.67,95.06,93.26,0,4,3,0,1,5,54.6,34.4,6,3,1
7.61,82.58,95.76,1,4,4,3,2,5,99.88,78.06,3,1,1
9.34,65.7,92.99,3,3,5,1,1,0,92.22,55.65,9,4,1
6.23,62.72,51.75,2,2,3,1,1,3,33.38,82.91,10,3,0
5.79,90.96,89.37,1,8,0,4,3,2,69.43,97.51,6,1,1
5.8,93.99,70.57,5,4,0,2,2,2,75.35,38.02,10,3,0
6.67,76.27,93.69,2,7,0,2,1,4,44.67,52.01,10,2,0
6.19,62.22,81.9,0,8,3,1,1,0,40.16,86.71,6,3,0
9.65,55.65,91.68,4,4,1,4,3,0,93.31,48.63,1,3,1
5.53,54.36,74.97,4,9,4,4,3,3,97.82,45.06,4,4,0
8.49,85.95,76.75,2,8,3,5,1,6,99.43,87.78,10,3,1
5.95,71.01,57.22,4,1,1,0,3,2,85.28,99.1,6,4,0
9.41,95.27,89.2,1,8,1,2,1,6,76.45,68.98,6,2,1
9.81,86.98,70.97,2,10,5,1,2,0,54.2,49.46,5,1,1
7.33,59.56,75.0,3,3,3,5,0,6,42.0,57.9,1,4,0
9.4,80.69,89.25,1,5,3,3,3,5,35.53,41.91,8,3,1
5.03,71.78,79.94,1,5,1,2,0,4,78.53,83.33,5,3,0
9.1,78.86,60.05,1,5,1,0,1,2,84.93,84.14,5,4,1
6.14,86.9,79.51,3,1,1,4,1,3,87.85,91.26,7,2,0
9.54,90.31,70.38,0,6,5,1,1,4,93.96,31.86,4,1,1
5.01,92.19,73.48,5,5,3,2,0,1,91.6,69.34,6,3,0
7.78,62.7,51.42,4,10,1,3,1,5,99.98,45.0,4,2,1
8.78,51.56,60.5,2,0,0,0,3,3,47.08,53.86,3,1,0
6.29,86.96,64.05,0,1,3,0,2,4,83.43,84.95,7,1,0
5.97,55.32,85.65,2,6,5,5,2,0,71.05,43.44,8,3,0
5.42,65.75,50.57,4,0,0,2,3,1,48.29,74.68,4,4,0
6.63,50.19,70.44,3,0,2,3,2,3,98.73,75.82,2,3,0
7.8,84.08,96.2,1,0,3,0,0,0,92.85,96.79,10,3,0
5.58,58.36,55.59,1,7,2,1,1,5,39.0,84.26,3,3,0
6.88,82.76,75.82,3,3,1,0,1,1,31.83,86.25,1,2,0
5.05,99.59,89.33,0,3,5,3,1,2,78.18,67.21,8,4,1
9.09,53.63,97.13,0,1,1,4,0,0,72.29,43.07,3,2,1
5.64,53.85,87.34,2,10,5,4,0,4,95.51,59.79,10,3,1
6.42,67.02,86.03,3,10,4,5,0,6,46.38,68.46,7,4,1
5.09,93.32,91.32,0,10,1,2,3,3,35.91,77.49,10,1,1
7.16,60.78,72.31,3,0,2,3,0,1,48.15,72.54,5,4,0
9.2,68.02,90.29,4,9,5,5,2,0,31.32,57.58,10,3,1
6.96,53.43,50.4,1,8,1,0,3,2,32.51,48.57,5,4,0
5.9,88.16,96.23,1,6,3,0,3,6,94.04,41.78,7,1,1
8.77,70.42,72.17,1,3,5,4,3,3,54.64,78.57,9,1,1
8.94,87.96,77.67,3,5,5,5,0,3,58.76,75.18,5,4,1
5.87,95.18,62.74,3,1,1,4,3,0,31.29,78.12,1,1,0
8.85,61.64,87.13,2,6,4,1,0,2,48.94,56.08,10,2,1
9.74,90.37,53.83,1,1,1,4,0,5,86.33,48.37,10,4,1
5.83,52.95,93.63,2,9,2,1,3,6,73.08,83.18,1,1,1
8.85,94.94,91.41,1,7,2,0,1,5,82.76,84.16,2,1,1
8.54,82.54,60.8,2,7,5,5,1,1,61.3,61.89,6,4,1
7.37,93.71,90.47,2,0,5,1,3,0,51.68,72.83,9,2,0
5.29,50.01,89.32,4,7,1,5,1,6,63.8,56.15,8,4,0
5.37,58.45,81.61,2,1,2,5,2,1,52.61,79.14,5,1,0
9.26,69.49,68.68,3,5,2,1,2,5,88.73,88.5,1,4,1
9.95,68.98,63.57,2,0,4,2,0,6,50.84,78.18,7,1,1
8.38,61.34,61.59,1,4,3,4,1,3,76.18,65.88,5,3,1
7.23,69.08,65.93,2,10,4,1,2,1,39.59,62.11,6,4,1
8.24,56.44,95.18,0,6,0,0,3,2,78.08,74.96,7,4,1
7.97,70.64,53.88,5,9,4,5,1,4,93.93,77.59,3,1,1
6.92,90.12,91.44,1,0,1,3,2,5,72.6,69.11,10,1,1
5.33,73.95,67.44,0,1,3,1,2,5,69.19,73.75,3,1,0
9.11,50.9,76.08,1,6,1,4,3,2,97.28,36.76,5,1,1
6.86,71.07,89.72,3,5,0,5,0,6,73.92,96.62,6,4,1
9.09,51.36,94.22,5,2,3,2,3,6,48.17,85.35,9,1,1
6.26,98.31,67.24,5,9,5,0,0,6,50.47,56.17,5,4,0
5.01,56.37,73.09,3,1,2,2,2,1,79.37,69.4,1,2,0
5.79,85.38,70.73,5,9,4,3,0,0,81.48,33.31,4,4,0
7.34,98.64,50.66,3,3,1,1,2,3,51.24,32.89,5,1,0
9.72,91.3,64.8,0,2,0,5,2,4,54.17,47.56,10,1,1
5.51,84.97,72.96,4,6,2,1,1,0,99.37,78.28,10,2,0
9.27,91.97,70.55,1,7,4,4,0,0,37.14,89.65,5,4,1
7.64,99.09,86.1,3,1,2,1,0,2,58.33,69.14,7,2,0
9.13,81.07,69.24,1,9,4,0,0,1,34.37,67.25,4,4,1
6.49,77.96,74.47,0,6,5,3,3,5,87.48,58.16,1,1,1
9.2,81.41,71.48,4,7,3,2,1,5,36.46,41.31,5,4,1
8.86,76.63,87.03,0,5,2,3,1,2,77.18,38.28,7,1,1
6.15,81.75,93.15,5,5,2,5,1,1,33.95,83.25,10,1,0
5.66,72.49,76.59,1,9,2,1,3,2,77.1,94.93,10,3,1
9.34,60.92,89.47,4,0,3,5,0,5,89.01,62.08,6,3,1
9.82,56.01,64.84,5,3,0,2,0,0,57.92,76.16,5,4,0
5.16,53.42,77.07,4,0,4,5,0,3,66.55,94.01,4,1,0
8.66,63.17,67.26,5,3,5,4,1,6,58.11,36.31,2,2,0
9.55,52.31,70.71,0,1,2,3,1,1,51.03,83.93,4,1,1
9.29,78.36,86.62,3,10,3,2,2,4,86.23,73.18,10,2,1
9.82,64.19,94.08,1,4,0,2,3,4,49.04,71.9,10,4,1
8.8,91.23,56.07,2,9,4,2,3,0,80.61,50.48,3,4,1
7.21,53.71,81.73,2,8,3,0,1,2,44.43,77.87,10,2,0
6.56,61.32,79.11,0,10,5,3,2,2,47.49,85.64,1,2,1
6.6,86.51,55.92,1,9,5,5,0,5,53.55,37.9,8,1,1
8.62,79.94,60.59,1,2,4,2,1,0,71.24,67.35,5,4,1
8.73,53.22,65.55,0,7,2,3,3,5,61.81,37.09,4,1,1
6.0,93.86,58.35,1,2,5,2,3,5,82.16,91.08,8,2,1
9.34,93.86,62.19,3,5,0,4,3,4,44.95,65.53,7,3,1
8.57,66.52,63.38,0,3,3,4,0,5,30.75,86.56,2,3,1
7.81,67.02,66.78,3,7,0,4,3,6,84.36,55.77,1,3,1
7.36,99.45,87.47,1,10,2,1,0,5,87.52,38.76,4,2,1
7.72,81.31,78.6,0,5,0,2,0,4,34.16,32.9,8,1,0
5.8,76.57,99.31,1,7,0,1,0,6,72.76,49.71,2,4,0
6.02,91.91,70.74,0,0,1,3,1,2,56.47,47.1,3,2,0
5.46,64.26,87.69,1,5,0,1,0,1,85.57,69.22,1,3,0
5.77,71.46,93.57,3,0,4,3,2,3,91.21,31.52,1,1,0
7.27,63.39,83.95,3,0,3,3,3,5,89.57,66.44,3,4,1
7.65,89.46,70.59,1,7,1,3,1,6,84.4,57.42,5,4,1
5.09,78.67,87.68,0,6,3,5,3,1,48.83,70.4,3,2,1
8.98,82.94,60.18,2,2,3,1,0,4,86.83,79.17,1,2,1
6.47,62.62,66.38,3,5,2,5,1,1,67.34,74.39,1,4,0
9.56,61.01,77.33,3,8,2,2,2,3,33.69,98.93,8,4,1
9.84,74.42,78.77,5,6,1,1,0,1,61.99,39.68,10,3,0
5.93,86.88,51.11,2,2,5,2,3,6,95.95,60.08,2,4,1
7.31,76.26,97.26,1,5,2,2,2,1,92.15,59.74,3,2,1
5.01,51.63,84.83,0,10,2,3,0,1,37.16,59.19,2,1,0
7.99,93.43,74.79,5,3,2,1,2,1,82.09,76.47,3,3,0
8.04,53.23,96.66,1,2,3,2,0,0,86.41,64.29,7,3,0
6.24,97.79,71.95,4,8,1,4,1,5,49.0,66.22,1,4,0
7.79,51.26,99.02,3,9,3,2,0,4,63.01,60.26,10,1,1
6.13,84.72,75.61,4,1,4,4,1,3,79.77,99.42,8,3,0
5.8,54.11,55.71,3,0,3,1,0,4,60.73,94.93,10,2,0
8.26,95.53,88.24,3,1,4,5,0,0,37.9,51.54,10,4,0
6.63,73.22,83.94,4,6,0,1,3,0,79.41,37.81,10,2,0
7.95,56.88,88.65,4,9,0,5,2,6,93.81,88.78,2,4,1
7.17,67.04,97.57,1,0,4,5,2,0,75.67,99.8,3,3,1
9.92,58.24,88.82,5,5,4,1,2,5,84.17,50.48,9,4,1
5.75,58.53,80.57,5,6,3,2,0,0,55.09,55.04,7,1,0
7.32,97.41,92.87,4,8,4,0,0,1,42.82,95.91,4,2,0
8.4,72.26,83.66,1,7,1,2,0,4,74.99,79.78,10,1,1
6.98,89.44,70.41,5,5,0,2,1,2,52.94,50.69,5,2,0
9.87,81.98,94.28,1,2,0,3,1,3,90.21,70.67,2,2,1
8.61,83.82,61.1,1,7,5,3,3,0,38.58,96.1,8,4,1
8.28,56.58,85.73,3,6,4,2,0,4,60.34,86.83,4,3,1
8.79,61.71,94.08,5,2,2,4,2,6,57.77,81.93,9,3,1
9.76,89.34,86.57,5,8,2,5,2,0,95.66,81.59,5,1,1
9.54,98.54,84.86,3,1,4,3,3,5,40.72,42.46,9,4,1
8.62,63.13,87.63,4,2,1,2,2,0,30.69,87.73,4,3,0
8.75,63.58,73.25,3,1,2,0,3,0,46.67,49.33,10,2,0
5.73,73.64,93.71,5,0,5,4,0,0,87.42,95.13,5,2,0
5.51,99.19,60.17,5,3,4,1,2,6,44.65,55.52,9,4,0
7.85,63.45,56.37,4,4,1,2,0,0,46.86,90.04,8,1,0
5.09,70.35,64.28,3,5,1,2,1,3,39.09,48.64,3,4,0
7.41,94.57,76.58,0,4,3,5,2,4,80.08,66.02,1,1,1
6.05,50.15,75.53,0,0,1,4,1,5,34.84,37.48,3,4,0
6.73,51.99,91.03,4,2,2,3,2,0,53.18,76.21,4,2,0
8.88,80.2,70.23,3,0,2,3,0,0,49.77,88.53,2,4,0
9.71,95.37,74.22,3,10,4,3,3,0,68.86,80.29,1,3,1
5.36,61.94,50.67,1,4,4,1,0,0,81.13,66.63,7,3,0
7.67,73.48,70.49,5,4,1,4,0,1,67.3,33.16,8,4,0
9.41,72.52,82.39,2,10,5,4,0,1,95.17,95.34,7,1,1
5.41,73.65,50.78,4,5,0,3,2,2,96.6,79.38,5,1,0
9.12,81.13,64.04,2,7,3,3,3,0,55.3,82.21,1,2,1
6.79,73.49,60.4,2,9,0,5,1,2,84.44,85.63,7,2,1
6.61,72.37,52.1,4,0,1,0,0,3,81.72,82.34,7,1,0
9.89,73.71,73.96,3,3,1,0,2,2,92.51,60.88,9,4,1
6.0,79.54,59.09,4,9,0,2,1,4,61.36,81.35,3,2,0
8.47,76.85,87.15,2,10,3,2,0,1,67.13,73.75,9,1,1
9.11,92.71,92.4,5,0,0,4,1,1,59.1,89.78,1,1,0
5.21,52.47,77.28,5,8,4,4,0,0,89.53,86.17,1,4,0
8.35,91.67,99.09,5,10,2,1,1,0,46.08,32.9,4,3,0
9.76,92.2,72.52,3,6,5,1,1,3,46.78,56.52,9,1,1
5.62,64.25,75.67,0,6,4,0,3,5,56.08,32.43,6,2,0
9.48,73.14,99.46,4,4,2,2,3,3,46.12,37.15,3,4,1
7.97,71.93,61.58,5,6,5,0,0,4,69.27,72.1,1,4,0
8.08,60.93,97.13,4,1,5,0,2,0,39.41,91.17,4,4,0
8.06,69.84,52.14,5,3,5,2,3,0,52.41,38.39,9,3,0
6.49,52.22,72.32,3,6,1,1,1,3,93.94,61.58,3,3,0
9.68,63.89,53.5,0,2,5,5,3,3,58.65,93.76,9,2,1
9.74,90.83,86.46,0,1,3,5,3,3,82.38,87.0,7,2,1
8.13,64.23,80.42,5,9,0,5,0,1,37.94,66.38,4,4,0
8.92,90.91,85.33,3,1,3,2,3,2,47.33,84.01,3,2,1
8.06,76.58,68.72,1,0,0,3,3,2,86.51,66.59,10,1,1
7.42,93.99,68.47,4,4,4,3,1,0,83.41,41.07,5,3,0
8.3,78.74,52.27,4,5,4,3,3,1,57.03,38.73,5,4,0
7.77,51.48,67.5,2,5,0,4,1,3,96.81,43.19,3,4,1
7.99,83.77,96.46,3,8,3,1,3,0,93.75,54.56,9,1,1
8.92,52.24,68.96,2,3,0,1,3,1,97.36,95.14,4,1,1
7.4,72.53,91.57,5,0,5,4,2,4,59.95,85.98,5,1,0
5.2,96.47,92.12,2,5,1,0,3,5,43.82,60.3,4,1,0
5.82,58.26,68.66,0,4,4,5,1,1,73.87,64.52,5,4,1
7.19,69.49,81.6,4,9,1,3,1,6,77.93,48.59,7,3,1
8.62,86.49,54.77,2,5,5,5,0,0,38.78,79.3,9,3,1
7.97,94.11,55.18,0,2,5,3,0,2,85.05,86.19,7,1,1
8.25,83.55,52.43,3,1,4,5,2,6,31.26,46.72,5,2,1
7.4,62.91,79.05,2,5,4,0,1,3,63.79,32.93,10,4,0
8.08,83.73,71.3,5,0,5,5,1,5,53.17,73.67,10,3,0
6.65,64.84,77.4,5,6,2,5,1,4,81.82,69.38,7,1,0
7.35,85.92,76.05,5,6,1,2,2,5,51.89,58.15,10,2,0
8.72,97.7,67.51,4,9,1,5,1,5,87.88,75.07,5,2,1
9.36,86.07,83.87,2,6,2,2,0,1,71.65,68.54,3,1,1
7.17,93.14,87.93,3,10,3,1,2,0,85.57,47.54,7,4,1
5.22,50.11,50.73,2,9,1,4,0,0,99.25,57.84,2,3,0
5.81,85.88,60.36,4,0,0,5,0,5,77.54,59.97,9,2,0
5.1,91.48,85.66,0,3,5,1,2,3,98.95,91.62,10,3,1
8.27,52.03,69.33,4,6,5,2,3,0,32.02,97.26,10,3,1
6.66,93.58,83.12,5,10,2,5,3,5,53.67,92.51,1,2,1
7.71,62.83,67.35,0,8,1,5,0,0,37.55,80.34,6,1,1
7.47,83.26,69.54,5,4,3,0,3,3,48.36,70.95,7,2,0
5.41,90.02,57.93,1,1,1,1,1,4,88.72,78.25,8,2,0
7.02,83.13,62.91,4,6,5,3,2,6,32.26,95.74,10,4,1
6.1,54.61,80.27,4,9,4,3,0,5,66.41,47.5,9,3,0
7.09,79.82,71.66,3,0,0,0,1,2,69.7,67.46,2,1,0
6.02,77.48,88.72,2,6,2,2,3,2,69.28,78.27,10,3,1
9.2,95.02,92.63,0,5,4,3,1,5,63.27,77.55,2,2,1
5.87,70.21,77.08,0,6,3,3,3,1,85.34,47.66,5,1,1
9.8,66.05,87.91,3,9,4,4,0,4,39.35,71.07,5,1,1
7.08,87.49,65.35,3,2,4,1,1,1,51.74,85.71,6,1,0
9.23,70.63,70.75,2,2,3,2,2,6,73.1,63.26,3,1,1
8.14,82.3,85.64,5,6,4,5,0,2,78.37,85.53,8,4,1
8.68,82.32,69.31,2,1,2,1,1,3,58.29,55.19,1,1,0
8.84,94.4,79.43,4,0,5,2,1,5,91.28,95.71,6,2,1
7.52,79.93,59.27,5,8,1,3,3,6,59.08,67.37,4,4,1
7.72,75.11,79.99,1,8,4,4,0,0,58.19,71.72,1,2,1
7.57,56.94,93.08,2,6,2,1,0,2,32.53,32.2,7,2,0
7.94,55.79,93.43,3,6,1,3,0,4,68.58,41.92,9,3,0
5.15,57.72,86.22,5,2,1,2,0,2,79.61,74.31,4,1,0
6.98,58.59,87.29,2,9,4,1,3,4,38.01,59.39,4,1,1
8.03,81.89,77.9,0,1,2,5,2,4,51.38,65.57,6,2,1
7.99,87.05,79.23,1,10,5,1,0,5,84.69,34.41,3,1,1
8.96,76.5,56.68,4,6,4,3,3,4,55.61,88.39,6,4,1
8.28,91.45,72.19,0,8,3,1,2,1,46.91,84.92,7,3,1
9.96,99.56,72.54,0,0,1,5,2,6,77.05,42.97,10,1,1
6.42,91.0,97.92,1,3,4,4,3,3,43.77,74.4,10,1,1
6.8,84.74,71.55,4,5,1,4,0,2,92.7,87.28,3,4,0
6.92,76.62,77.47,3,6,2,3,2,3,37.39,74.86,7,3,0
7.33,72.44,76.66,5,9,0,2,0,6,79.46,51.73,3,4,0
9.18,54.22,81.84,4,6,4,3,0,0,64.97,75.93,2,2,1
6.18,69.97,87.41,2,9,5,4,1,6,90.9,44.73,10,2,1
8.88,95.51,61.25,0,1,4,0,0,2,38.83,52.28,4,1,0
7.03,90.4,76.44,2,3,1,0,1,3,77.45,46.8,8,3,0
8.01,60.8,91.3,3,4,2,1,2,3,70.04,68.98,9,2,0
8.16,73.33,73.16,2,0,3,5,3,5,63.61,37.58,7,4,1
6.86,90.84,63.92,4,0,5,1,1,5,64.4,95.33,1,2,0
7.56,53.37,82.74,2,9,2,0,3,6,80.54,53.35,3,2,1
7.07,69.37,91.19,3,2,4,4,2,6,95.64,45.33,9,4,1
5.35,92.59,53.16,3,9,3,1,0,0,36.39,64.76,1,1,0
7.19,70.19,88.84,3,2,2,3,2,4,31.37,49.39,9,3,0
5.49,53.88,91.08,4,7,0,5,3,2,86.4,67.44,8,1,0
7.03,77.13,73.08,3,8,5,3,2,5,37.57,54.4,1,4,1
7.96,93.09,99.17,0,10,1,5,0,2,99.07,39.24,6,2,1
7.9,79.51,89.34,3,0,2,4,2,0,73.35,48.61,5,3,0
8.31,61.31,88.68,2,10,2,1,0,5,75.56,60.69,6,1,1
5.48,69.21,87.39,5,1,0,5,1,5,43.92,32.12,10,4,0
8.26,72.51,57.53,2,9,4,3,3,4,46.82,83.94,5,2,1
6.56,78.96,60.86,5,1,5,1,0,2,76.15,73.53,6,2,0
7.0,87.97,73.2,2,3,5,1,0,2,93.68,72.1,5,1,0
9.29,54.94,63.2,4,1,1,3,2,2,98.77,68.22,5,4,1
5.05,94.48,70.76,2,6,2,0,1,4,43.86,71.32,4,2,0
7.94,50.62,94.42,4,8,3,5,0,5,39.39,95.43,3,2,1
7.99,68.5,91.22,4,6,2,3,1,0,33.95,30.6,3,3,0
6.98,51.37,81.5,3,5,1,4,1,2,90.78,33.35,4,2,0
6.19,69.65,92.91,0,9,2,2,2,3,50.63,43.4,9,1,1
6.17,76.29,89.19,5,0,0,3,0,4,30.13,41.71,2,4,0
9.42,75.58,71.45,3,10,2,1,2,1,45.67,42.68,9,4,1
7.21,58.28,60.05,3,9,2,1,3,0,53.83,77.04,1,3,0
6.65,82.29,75.71,4,8,3,3,3,3,99.37,62.16,1,4,1
7.24,52.24,86.81,4,4,0,2,0,2,66.65,99.42,5,1,0
8.35,88.1,71.82,5,10,0,3,1,1,44.33,45.88,6,2,0
5.73,97.33,83.34,2,4,2,2,0,0,53.44,51.76,6,3,0
7.25,66.99,54.72,2,5,5,2,0,4,53.12,98.9,3,4,0
7.94,75.86,87.4,3,8,3,4,3,1,31.38,88.22,7,3,1
9.74,68.95,90.64,1,7,2,5,3,5,39.46,62.89,9,3,1
6.26,50.34,85.34,1,7,2,1,1,6,78.66,68.82,10,4,1
6.8,69.29,98.36,2,7,1,1,1,1,38.42,89.02,8,3,0
6.9,89.59,91.33,1,0,1,2,0,6,46.15,63.67,6,4,0
8.03,79.8,95.15,2,0,5,1,2,3,54.55,44.42,8,1,0
6.78,55.06,96.68,4,7,3,0,0,0,83.04,87.99,5,4,0
7.67,92.36,90.07,3,4,4,2,1,3,70.77,67.64,8,2,1
8.91,76.55,83.71,0,8,1,1,2,3,78.23,40.71,10,4,1
8.53,92.09,50.29,3,1,4,0,3,2,69.69,65.39,4,2,0
7.23,79.01,73.29,2,8,0,4,1,4,77.85,58.92,10,3,1
9.32,77.98,78.56,2,7,1,1,1,1,30.2,91.38,8,4,1
7.79,55.26,65.2,3,8,1,0,2,0,95.16,38.82,10,2,0
7.7,58.37,65.91,5,3,3,3,1,5,37.76,91.26,2,4,0
5.17,98.6,98.06,2,0,5,5,1,4,58.44,65.85,5,4,0
9.93,61.42,94.59,1,0,4,3,1,4,83.97,58.31,9,4,1
5.61,98.87,92.46,1,4,1,0,1,0,60.47,41.34,4,1,0
6.16,76.6,70.3,2,1,1,2,1,4,96.28,79.06,6,2,0
5.26,56.79,50.68,2,7,3,2,1,2,62.73,94.88,1,1,0
8.2,54.97,54.01,5,9,3,1,1,4,91.25,56.28,9,1,0
6.12,60.44,65.61,1,10,5,3,1,2,86.76,46.91,1,2,1
5.9,96.28,50.79,2,4,4,2,3,1,98.67,68.84,5,4,0
5.44,70.71,50.86,2,4,0,2,1,1,94.86,85.73,4,1,0
5.52,69.77,95.83,5,1,5,3,3,3,92.87,30.26,3,1,0
7.92,65.66,85.31,5,6,0,4,3,2,81.21,74.2,6,1,1
8.44,57.35,65.45,3,7,2,2,0,5,55.69,71.76,2,4,0
6.99,74.39,56.63,5,9,1,5,0,1,37.43,52.27,3,1,0
7.4,56.5,75.58,0,0,4,0,3,4,78.21,61.6,5,3,1
8.43,91.77,50.27,1,1,5,1,3,0,98.51,47.29,9,2,1
5.09,68.52,96.92,3,9,1,2,1,0,80.86,85.29,2,3,0
6.62,68.74,70.74,0,3,4,5,0,6,95.01,74.42,10,4,1
9.87,73.7,70.12,2,4,4,5,2,2,86.3,67.29,8,1,1
7.9,72.21,69.53,2,1,4,2,0,5,41.42,57.48,2,2,0
6.27,99.74,53.47,3,0,1,4,3,3,47.44,50.4,5,1,0
7.61,77.27,81.92,5,8,5,0,3,4,53.93,87.59,7,4,1
6.71,54.41,86.65,2,0,3,1,1,2,41.78,61.6,8,2,0
7.66,80.34,83.81,4,3,1,2,1,6,70.72,65.1,1,3,0
5.63,57.58,56.92,3,1,4,1,0,0,98.28,66.46,6,2,0
5.66,51.55,78.94,0,10,5,3,1,2,83.3,61.39,1,1,1
5.72,98.54,78.47,3,3,2,5,2,4,59.64,47.93,2,2,0
9.7,88.68,93.42,1,7,0,5,2,5,30.32,38.42,1,4,1
8.66,99.01,68.96,5,7,4,2,1,5,51.93,36.9,5,4,0
5.81,73.89,68.57,5,10,2,2,2,1,66.87,83.02,10,2,0
5.94,76.61,80.93,3,8,3,3,2,4,52.7,45.65,9,4,0
8.65,58.42,81.65,2,10,4,4,0,6,37.77,33.9,6,4,1
5.78,62.35,73.46,2,4,2,2,2,1,60.99,85.83,1,4,0
6.17,91.93,72.15,4,6,4,5,3,1,47.73,40.78,1,3,0
9.82,67.81,74.71,4,2,1,1,3,1,93.65,73.76,2,1,1
6.28,91.34,93.05,5,9,5,0,0,2,37.12,53.71,9,4,0
8.31,85.45,73.06,4,3,2,1,1,6,33.44,38.85,3,2,0
9.89,58.86,97.0,0,9,5,4,0,0,30.37,59.01,1,4,1
6.87,75.37,75.2,4,8,1,0,1,5,52.96,31.04,5,3,0
5.09,83.87,97.46,0,9,1,1,1,2,76.23,88.87,7,2,1
6.22,61.75,91.64,4,9,5,1,1,0,81.13,65.94,6,1,0
9.15,91.53,68.12,5,0,2,3,1,5,61.73,39.74,1,2,0
9.32,77.24,93.18,5,1,5,4,1,6,77.9,46.59,5,2,1
8.84,58.26,55.5,0,4,5,5,0,6,55.19,61.36,5,2,1
5.57,79.15,96.25,3,2,0,3,1,4,76.75,43.22,6,2,0
8.98,99.99,81.58,5,1,2,0,2,5,32.84,48.8,3,4,0
9.59,57.53,52.72,3,0,0,5,2,5,57.35,67.41,5,1,1
8.0,90.84,82.21,2,9,4,3,1,6,85.36,88.28,7,4,1
9.7,60.37,98.71,0,2,5,4,2,5,86.21,58.13,5,3,1
9.13,89.12,53.49,5,0,4,2,3,3,80.13,80.19,5,3,1
8.33,86.73,77.73,1,0,2,2,0,4,44.3,91.37,5,2,0
7.89,65.02,87.39,2,0,5,0,0,2,47.3,45.14,10,4,0
6.74,66.29,90.51,3,7,4,2,1,2,99.73,86.5,10,4,1
5.8,89.63,70.69,5,2,3,3,1,0,37.24,83.02,3,1,0
8.02,73.07,60.21,0,10,1,0,3,2,42.65,54.99,1,1,1
6.59,86.54,52.12,4,0,5,5,1,1,39.1,99.27,5,1,0
9.33,57.4,78.99,1,6,1,4,2,5,52.94,48.38,9,4,1
9.97,92.63,72.65,3,9,0,0,3,2,44.71,47.84,1,1,1
8.76,85.54,97.44,2,2,4,5,2,0,64.84,84.06,3,1,1
5.45,95.35,53.03,0,7,0,0,0,0,63.32,60.43,4,1,0
6.44,56.62,84.27,1,3,5,1,2,1,93.11,53.16,1,2,0
5.55,79.65,51.25,0,3,1,1,0,0,32.43,42.51,1,3,0
8.25,79.96,58.57,5,4,1,0,2,6,52.39,83.57,8,3,0
8.83,67.67,72.68,4,5,4,2,0,3,71.77,85.04,2,4,1
9.63,72.92,72.74,2,6,5,1,1,6,72.34,69.66,8,4,1
7.19,51.9,84.29,0,3,3,4,2,5,63.61,97.01,7,2,1
9.51,87.29,95.51,3,7,3,5,0,5,87.1,52.27,10,3,1
9.39,77.47,81.95,5,5,4,3,2,5,34.39,45.37,10,1,1
6.59,52.89,97.68,5,0,5,1,3,4,87.08,77.42,2,1,0
9.34,84.04,94.08,2,0,4,0,1,2,64.63,83.09,6,4,1
6.88,73.34,79.22,5,8,5,2,0,3,39.36,45.74,6,3,0
6.48,51.72,91.69,3,9,0,3,3,2,92.0,35.36,3,4,0
8.25,98.48,82.13,0,5,4,5,2,3,75.45,86.74,2,4,1
6.64,97.46,53.93,2,9,5,5,3,2,41.45,98.36,1,1,1
8.15,75.65,87.03,5,7,3,1,2,1,32.36,75.13,6,1,0
8.05,54.68,54.75,5,6,5,5,1,6,39.88,49.45,5,3,0
7.82,87.73,79.7,3,5,5,5,3,0,72.62,99.77,9,4,1
6.9,74.6,85.13,4,3,4,2,1,0,42.55,92.53,1,2,0
7.74,65.12,53.33,4,6,0,2,0,6,45.8,65.94,7,3,0
7.98,74.57,61.54,5,8,0,2,2,1,31.76,87.77,5,4,0
7.73,76.12,95.78,0,10,0,0,2,3,80.61,87.11,5,3,1
7.22,78.14,80.82,2,9,0,5,1,6,86.73,95.44,2,3,1
5.07,72.06,62.31,5,9,2,5,1,4,85.78,88.86,3,3,0
7.94,80.29,84.53,1,6,4,5,0,3,38.93,75.06,7,2,1
5.84,95.94,79.84,2,0,1,4,3,0,93.23,72.65,6,2,0
8.21,68.11,75.08,4,9,4,2,2,4,77.06,62.72,2,1,1
8.8,86.29,98.81,5,8,2,3,2,2,92.83,73.85,6,1,1
7.5,94.72,84.17,3,3,0,1,0,4,61.3,85.67,2,4,0
7.71,72.8,68.77,1,2,2,3,0,3,60.59,97.83,2,3,1
9.76,72.17,90.0,5,3,3,0,1,1,84.92,62.71,2,4,0
9.24,80.11,94.23,0,3,3,0,1,2,36.53,70.16,3,1,1
9.57,79.57,56.26,1,9,4,5,3,3,66.46,61.14,2,2,1
9.07,90.33,60.03,5,10,4,3,0,2,88.55,76.79,4,1,1
5.54,73.82,60.81,0,1,1,5,3,4,88.11,74.09,9,4,1
5.74,99.81,84.56,1,0,1,4,0,0,96.93,31.25,6,1,0
7.63,52.97,80.15,0,9,3,0,2,3,78.88,67.88,1,4,1
6.23,50.16,80.95,0,0,0,0,0,1,44.54,36.19,8,4,0
7.38,82.01,97.04,1,7,2,3,0,6,31.42,31.85,7,4,1
6.97,64.92,88.8,1,1,1,0,2,4,63.56,85.38,10,4,0
7.75,62.02,56.4,0,9,5,4,0,3,65.96,48.11,3,1,1
8.73,65.59,67.38,4,4,1,4,3,1,46.82,53.85,1,4,0
8.58,62.8,71.77,1,3,0,4,1,3,38.73,34.49,5,4,0
7.61,51.54,69.8,5,7,0,1,1,4,71.03,42.57,4,3,0
9.11,98.58,83.47,2,1,4,4,3,3,83.5,83.59,10,4,1
7.15,61.04,94.59,3,9,2,4,2,2,99.52,64.55,8,1,1
9.48,86.7,65.3,0,8,0,1,0,4,83.08,91.65,1,4,1
5.36,88.13,77.59,0,6,1,5,3,3,85.55,57.81,10,2,1
9.77,96.46,89.47,3,6,1,2,1,6,73.15,48.81,1,2,1
8.27,51.53,70.81,4,0,3,0,1,0,99.01,54.33,4,4,0
6.9,93.6,58.41,3,1,0,4,3,3,74.8,79.89,8,2,0
5.99,76.36,73.75,1,3,5,0,1,2,90.22,68.85,5,2,0
7.4,81.63,52.76,3,3,4,3,3,1,96.2,93.29,2,1,1
5.97,82.22,97.12,0,10,2,0,1,6,95.09,72.15,6,3,1
5.83,90.99,53.74,3,2,5,5,3,1,56.7,64.51,5,2,0
8.09,66.67,71.92,2,6,4,1,0,6,35.51,85.0,2,2,1
7.62,86.65,76.49,5,7,1,0,0,1,42.03,96.33,3,3,0
8.35,76.43,99.27,1,1,5,0,0,0,34.15,54.91,9,3,0
9.65,89.67,58.3,3,3,4,0,0,2,37.38,47.49,7,2,0
7.66,99.53,55.72,0,2,1,2,1,4,42.93,73.14,7,4,1
7.9,60.03,50.44,5,1,1,2,2,1,53.88,64.92,6,2,0
5.45,99.73,57.78,1,5,1,3,3,6,68.05,99.24,8,4,1
8.59,54.49,60.36,0,3,1,1,2,2,79.82,62.37,4,4,1
7.0,50.12,81.53,4,5,1,0,1,3,44.76,35.2,8,4,0
9.88,52.21,60.99,2,1,3,0,1,0,77.08,98.42,4,3,1
9.12,67.09,51.03,4,3,5,0,2,2,79.3,89.05,8,2,1
7.61,81.65,91.33,2,10,4,0,2,2,69.1,42.48,9,2,1
5.62,53.45,68.28,3,5,3,2,1,4,93.25,93.32,3,1,0
9.3,50.28,67.68,1,4,3,5,1,2,37.77,53.85,3,3,1
9.0,96.85,65.12,3,2,0,5,3,4,42.4,56.4,2,1,1
5.92,91.1,98.77,2,7,0,3,0,0,60.01,93.45,10,1,0
6.48,90.46,58.51,2,6,0,4,0,0,38.87,67.11,3,4,0
8.97,94.22,94.91,2,2,2,1,3,3,69.64,39.64,3,3,1
5.93,85.0,88.84,5,5,0,5,2,4,57.89,55.83,5,1,0
9.59,55.22,53.82,0,3,4,0,1,4,49.92,80.55,5,2,1
7.12,69.96,99.34,1,10,3,5,2,1,41.9,42.19,2,1,1
5.44,86.16,63.57,3,4,4,3,0,1,53.47,71.32,10,3,0
9.08,64.02,54.93,3,10,5,4,0,3,72.56,78.67,6,2,1
6.87,84.37,91.47,4,4,0,5,2,0,70.3,54.07,5,2,0
7.63,51.22,85.33,2,6,2,3,0,5,41.45,78.57,6,2,0
5.56,65.31,80.86,2,10,5,2,1,1,38.74,91.89,1,4,0
5.01,77.46,57.8,2,4,2,4,3,2,31.87,63.05,5,2,0
8.19,81.6,73.92,3,10,5,3,2,0,30.87,56.8,9,4,1
7.58,78.85,89.03,4,2,3,5,1,5,91.59,47.58,10,4,1
7.97,84.89,65.18,0,9,4,2,1,2,33.16,72.29,2,1,1
8.97,50.3,65.58,5,4,1,3,0,6,81.19,91.59,1,1,0
8.23,55.05,50.16,1,6,4,3,1,4,91.04,52.73,10,2,1
5.87,93.45,58.71,0,4,0,5,2,0,36.86,57.74,9,3,0
6.8,84.09,93.77,3,4,1,4,1,6,60.54,58.46,10,2,0
9.53,55.65,72.09,5,8,2,2,3,3,97.36,69.26,9,1,1
8.85,92.1,99.21,5,2,3,0,1,4,88.39,45.99,9,2,0
7.78,62.11,69.79,5,5,3,1,1,4,64.28,87.55,6,1,0
6.28,73.91,85.76,2,0,2,4,3,2,83.38,50.69,8,2,0
6.51,57.26,64.1,1,9,0,2,1,6,88.34,79.38,1,3,1
8.66,85.51,68.19,3,4,2,3,1,4,54.36,65.93,10,2,1
9.26,83.34,59.54,3,7,5,2,0,1,92.45,71.01,4,3,1
8.36,60.56,67.35,5,4,0,1,2,0,62.93,42.57,1,3,0
9.05,93.17,77.36,3,8,1,5,0,1,66.95,81.45,8,2,1
8.83,70.07,99.59,1,10,2,1,2,2,99.98,43.2,1,3,1
5.75,64.63,83.21,1,5,0,0,3,5,89.03,37.94,3,3,0
7.12,57.62,59.96,4,7,1,0,3,2,55.32,68.27,4,1,0
5.76,63.31,52.25,4,9,2,1,3,0,30.72,79.65,8,1,0
6.18,51.1,56.32,0,7,3,4,2,4,73.83,33.5,6,3,1
9.35,79.16,78.13,1,2,2,4,2,6,79.27,34.86,10,4,1
7.36,92.11,88.26,1,6,4,3,2,6,75.56,86.19,7,2,1
7.68,77.45,97.02,1,6,2,0,3,3,97.75,86.63,8,3,1
5.89,60.96,50.79,4,9,4,3,2,2,90.41,47.17,2,2,0
6.56,51.68,76.14,5,5,1,0,1,0,61.42,73.07,10,1,0
6.15,60.73,73.54,5,6,2,1,0,3,34.4,61.02,8,2,0
6.03,70.81,82.8,3,1,1,4,3,4,63.32,74.29,3,3,0
8.19,87.98,77.98,5,8,1,4,0,5,78.25,90.4,7,3,1
6.28,59.39,84.35,2,9,0,1,1,2,72.54,35.59,3,3,0
8.16,85.99,82.9,4,9,1,3,2,5,67.67,84.46,7,3,1
5.29,93.35,55.85,1,0,1,3,0,0,62.82,64.51,2,4,0
5.71,72.7,89.99,5,0,2,2,1,5,50.56,69.49,10,4,0
6.37,91.07,56.16,4,2,2,0,1,5,49.41,75.78,6,4,0
7.99,77.73,84.93,5,2,3,3,0,0,65.02,94.58,3,3,0
8.38,81.85,70.81,0,0,0,1,3,0,41.24,33.97,3,4,0
7.21,76.31,75.69,1,6,1,3,0,2,53.85,32.06,9,2,0
7.23,73.16,95.16,0,3,0,4,3,5,52.68,42.48,7,3,1
8.62,61.73,94.49,1,9,4,0,2,3,71.1,99.05,5,1,1
5.08,65.16,90.89,4,1,1,5,3,0,34.67,80.06,10,3,0
6.71,64.5,75.51,3,9,0,2,2,4,88.08,73.02,7,2,1
9.09,78.16,86.81,5,4,3,0,0,5,69.37,33.29,9,4,0
8.02,56.0,75.64,5,5,3,4,2,0,76.96,91.54,1,3,0
6.69,95.84,93.48,2,8,1,4,1,3,79.22,86.89,7,4,1
9.53,86.03,70.14,0,3,4,4,2,6,50.4,76.54,6,3,1
8.86,70.07,98.51,5,1,3,4,3,2,62.93,53.74,10,2,1
6.32,57.93,96.62,4,4,3,1,3,5,96.94,34.94,9,3,0
8.23,94.1,87.08,3,2,4,2,3,6,83.67,70.6,1,4,1
7.98,91.19,63.97,4,1,0,5,2,0,97.87,80.38,4,4,0
7.01,86.09,56.58,0,0,3,4,3,0,82.24,36.6,9,2,1
6.83,63.58,92.74,2,9,2,4,3,4,42.29,74.36,4,3,1
6.72,70.12,58.27,5,1,5,3,1,4,34.52,50.05,10,1,0
8.09,55.14,92.71,4,5,5,2,2,5,70.44,83.5,3,3,1
7.21,59.45,74.54,1,7,3,0,1,6,55.05,67.77,9,2,1
9.16,89.15,70.33,3,2,0,2,3,6,49.28,39.03,2,1,1
8.35,85.75,95.16,4,10,0,2,3,0,86.5,66.86,4,2,1
5.35,79.67,80.19,3,8,1,5,3,5,55.69,57.7,6,3,0
8.2,94.79,78.83,5,8,2,2,2,0,52.19,42.62,2,1,0
6.36,79.16,77.94,1,1,0,5,0,4,89.5,88.91,8,2,0
7.96,73.35,68.56,2,7,4,4,3,3,89.24,30.77,8,4,1
8.4,67.02,89.28,2,9,2,4,3,1,54.95,51.85,1,1,1
6.15,97.02,62.64,1,10,5,1,3,1,88.27,30.88,3,1,1
7.28,54.14,96.94,3,4,2,5,3,0,89.55,36.72,10,2,1
5.95,96.54,94.7,5,3,4,5,2,6,59.68,50.8,9,4,0
5.26,91.34,66.87,4,9,3,0,0,4,34.65,33.8,5,1,0
6.89,56.5,86.47,1,4,4,3,0,2,30.11,71.76,6,2,0
6.81,78.25,78.66,0,3,4,2,0,2,66.63,36.08,4,1,0
9.98,93.33,66.88,3,7,3,0,3,1,54.09,79.12,10,1,1
7.23,78.59,99.43,2,3,3,5,3,3,99.8,33.68,2,1,1
6.67,95.36,51.26,1,9,3,0,0,1,84.07,34.15,8,4,0
7.9,97.15,62.63,2,5,3,1,0,0,83.29,51.37,6,3,0
5.44,71.12,76.0,3,1,3,3,3,3,96.87,92.76,5,3,0
9.81,68.87,76.1,2,4,4,5,3,2,92.14,74.9,9,4,1
8.17,96.82,79.45,1,5,1,5,1,6,52.27,83.91,1,4,1
8.77,83.76,87.58,3,4,1,2,1,4,41.62,39.91,5,2,0
5.85,55.8,81.17,0,1,0,3,1,4,82.21,88.39,6,1,0
7.05,52.11,80.01,1,6,1,1,0,0,56.48,30.57,5,4,0
7.11,78.23,52.68,4,3,5,4,2,1,63.12,44.91,6,2,0
9.11,96.51,68.83,5,7,1,0,3,0,74.13,73.13,6,3,1
5.01,92.21,61.6,1,6,4,2,1,4,93.55,56.27,7,3,0
6.5,83.79,63.27,3,6,3,5,2,2,59.34,98.89,4,3,1
9.91,56.96,77.72,5,8,3,4,3,4,84.83,32.12,8,3,1
7.37,62.71,59.98,1,0,4,1,2,3,48.78,99.9,7,2,0
6.91,93.78,64.7,0,9,5,3,0,6,78.86,73.65,9,1,1
5.6,59.14,61.85,0,5,1,0,0,6,30.11,69.11,7,2,0
9.87,63.92,97.43,4,5,4,2,0,5,91.01,34.17,3,1,1
5.1,56.48,97.23,2,5,0,5,1,4,32.13,49.13,3,3,0
8.69,83.81,80.5,5,5,3,5,3,4,79.89,94.73,8,4,1
8.84,97.2,96.23,3,9,2,4,0,6,33.24,54.8,5,4,1
6.22,63.45,89.29,3,6,0,4,1,5,48.64,76.32,4,4,0
8.36,73.77,79.5,2,9,5,0,1,3,64.8,99.96,8,1,1
5.46,81.72,50.32,0,5,0,3,1,1,59.4,48.41,6,3,0
6.29,99.97,88.63,0,0,4,1,1,4,43.43,70.33,2,2,0
8.94,55.24,85.12,1,2,1,3,0,6,53.37,78.75,4,4,1
9.32,74.93,80.76,4,1,3,3,1,0,80.94,41.52,4,1,0
8.04,69.26,88.02,5,5,5,3,0,4,76.85,40.41,6,4,0
7.53,93.29,75.65,4,7,5,0,0,0,35.03,61.94,6,2,0
5.8,73.8,85.2,4,2,2,0,1,3,82.31,57.01,1,3,0
5.32,55.55,96.76,1,9,0,1,0,4,33.71,80.0,8,2,0
5.59,81.72,68.79,4,7,2,3,3,6,68.0,34.87,6,3,0
6.14,88.54,85.41,2,7,1,0,3,3,48.2,98.05,3,3,0
6.71,50.14,73.78,1,4,1,1,2,3,71.14,31.0,9,3,0
6.9,92.95,83.72,2,7,2,5,3,1,48.29,72.09,2,4,1
6.73,59.3,88.14,1,5,3,1,0,4,98.95,69.38,8,2,1
6.2,77.6,52.27,4,4,1,3,0,0,51.68,39.43,10,4,0
7.55,70.79,82.33,2,8,2,2,3,0,46.94,40.56,3,2,1
9.13,85.98,61.34,2,6,0,3,1,4,49.49,85.49,5,1,1
6.4,68.56,83.5,2,7,2,2,1,5,92.75,92.13,6,1,1
9.71,93.49,73.42,1,0,2,1,0,1,74.54,49.81,10,2,1
9.37,86.52,88.68,3,10,4,5,1,1,81.15,60.66,6,2,1
5.81,82.39,56.17,4,1,1,5,2,1,94.26,54.85,4,2,0
8.93,89.81,81.32,2,7,3,0,2,0,93.83,35.08,3,2,1
7.87,87.7,63.92,5,8,3,5,3,3,81.73,77.12,4,3,1
7.83,51.8,92.65,3,3,4,4,3,6,43.85,87.76,1,4,1
6.96,69.74,96.42,5,9,5,1,1,5,89.04,51.34,4,3,0
7.51,96.54,99.82,4,10,3,0,0,1,44.26,99.31,1,4,0
6.99,56.29,89.8,4,9,2,5,3,0,82.0,35.31,1,4,1
7.7,86.85,87.69,2,8,4,1,2,0,77.99,76.33,10,4,1
8.14,98.73,60.78,2,3,0,3,3,3,83.12,61.38,6,3,1
8.37,52.61,66.8,1,9,1,5,3,4,67.29,61.26,5,2,1
7.66,84.11,73.28,3,9,1,2,2,4,74.71,62.04,4,3,1
8.61,73.41,88.67,3,9,1,1,0,6,96.73,48.11,3,3,1
5.71,78.96,95.75,2,8,2,0,3,6,37.08,80.09,1,4,0
6.06,54.27,59.46,4,10,0,3,3,1,51.62,80.51,6,1,0
9.09,52.15,96.12,2,6,4,4,3,6,72.79,49.77,2,1,1
6.61,83.34,84.78,4,1,4,3,1,1,97.48,88.47,8,3,0
5.11,91.17,80.54,4,8,1,5,3,5,36.69,52.18,10,4,0
5.77,89.1,59.99,2,3,0,2,2,6,31.58,80.76,5,3,0
6.12,77.19,52.78,0,7,0,3,0,3,33.9,38.47,7,3,0
9.79,54.99,78.42,3,6,0,4,0,1,33.67,41.81,10,2,0
7.87,84.4,82.58,5,6,3,0,2,3,93.55,52.11,2,4,0
9.66,62.09,60.54,4,7,3,1,1,0,80.49,71.57,8,1,1
7.88,95.55,77.82,4,0,1,2,2,1,77.4,75.19,2,1,0
7.4,91.91,92.82,0,4,0,4,0,0,66.58,57.74,4,1,1
6.57,85.47,91.75,5,1,5,5,2,2,84.74,35.45,1,3,0
8.03,97.44,96.37,1,1,0,5,1,3,40.9,56.15,5,4,1
5.7,51.57,68.29,0,0,4,5,0,2,57.44,78.21,9,2,0
9.49,86.81,65.9,5,4,4,2,1,1,64.3,76.97,1,1,1
9.15,66.51,87.47,0,1,1,3,2,0,37.73,41.21,9,4,1
6.59,95.3,71.56,4,3,5,2,3,1,59.37,30.54,8,1,0
9.76,63.33,54.38,3,2,0,5,2,2,52.16,82.71,6,2,1
9.13,86.24,64.14,0,2,5,4,1,1,32.49,37.45,7,4,1
8.33,93.88,70.93,1,1,1,1,2,5,39.57,35.76,3,3,0
5.61,52.08,64.63,2,5,4,1,3,4,83.48,30.19,1,3,0
7.39,69.88,66.61,5,1,4,2,1,2,31.26,60.28,5,1,0
7.53,88.12,64.69,0,7,3,5,2,1,95.4,65.23,2,1,1
6.16,72.75,52.07,0,7,1,0,1,0,36.05,74.64,5,4,0
5.4,63.36,81.85,1,4,1,2,1,1,85.95,50.72,8,2,0
8.88,60.99,79.86,3,9,0,5,0,0,92.9,79.73,9,1,1
5.61,56.58,82.67,0,6,0,3,0,4,95.88,41.85,2,4,0
7.97,92.86,59.62,0,3,3,1,1,1,90.72,88.24,3,2,1
9.68,78.77,64.78,3,0,2,1,2,6,50.13,70.03,3,1,1
9.38,53.82,80.98,1,10,5,1,2,6,53.32,70.87,1,1,1
6.39,69.13,79.98,5,1,2,0,2,4,59.86,44.68,8,4,0
9.26,68.39,75.32,5,9,2,5,3,2,39.75,35.19,6,1,1
5.0,59.09,67.52,0,9,1,5,1,0,31.56,62.53,8,3,0
5.09,71.78,95.65,3,3,5,5,1,6,90.84,73.09,9,2,0
8.01,66.6,66.99,0,0,1,5,3,5,68.79,36.65,5,2,1
6.82,67.09,72.78,2,7,5,0,1,2,72.61,96.54,3,3,1
6.93,86.95,83.91,5,8,4,4,1,0,94.89,98.63,5,4,1
7.82,61.16,77.15,4,3,1,2,3,4,76.56,68.18,5,3,0
5.96,82.09,67.34,2,9,1,2,0,6,78.36,96.5,5,3,1
6.06,78.53,71.78,0,2,1,5,1,3,85.09,42.56,3,2,0
7.42,78.4,89.72,1,1,3,3,3,1,38.14,31.78,10,4,0
8.77,83.15,63.91,5,4,1,1,2,4,55.21,32.76,4,1,0
8.1,77.42,57.11,4,2,0,0,0,0,97.77,71.13,9,3,0
6.49,93.96,65.66,2,9,0,3,2,0,94.61,34.31,10,3,0
7.15,83.78,92.48,5,6,5,3,1,0,91.89,97.1,9,4,1
5.85,77.35,54.45,3,10,4,5,0,0,61.65,39.94,2,3,0
5.37,91.49,99.58,1,5,3,0,3,1,90.0,51.33,8,4,0
8.91,80.31,77.05,2,0,5,2,1,2,33.39,87.58,8,1,1
6.33,64.56,99.24,3,7,0,1,3,5,40.4,45.31,7,4,0
5.89,60.35,96.95,0,1,3,2,0,3,58.98,47.01,8,1,0
8.46,57.62,72.64,3,4,3,3,2,1,63.84,74.96,3,4,1
8.09,94.97,59.92,2,8,4,1,1,0,48.45,49.33,6,3,1
8.17,85.51,58.24,2,7,3,4,1,1,54.95,45.22,1,1,1
6.14,96.87,62.0,0,1,1,3,3,4,41.39,47.79,7,3,0
6.16,80.16,85.51,3,8,3,2,0,5,64.24,64.35,1,1,0
6.1,73.67,63.65,3,4,4,2,3,0,85.57,97.63,9,4,0
5.87,52.99,67.07,0,9,5,5,0,3,76.3,88.26,1,4,1
8.28,83.58,72.44,3,5,4,2,1,0,37.55,49.92,1,4,0
9.24,79.11,95.66,5,2,4,0,0,5,64.13,55.44,7,2,0
8.62,99.51,59.47,0,2,0,3,1,3,78.84,62.52,2,2,1
8.96,61.96,50.25,1,9,1,1,0,5,67.09,98.53,5,1,1
7.02,76.54,53.0,2,7,0,2,2,3,57.42,42.07,8,2,0
8.27,82.55,95.24,1,10,5,5,0,2,73.53,55.02,8,4,1
6.77,82.23,82.38,5,9,2,5,2,6,97.8,81.06,3,2,1
7.63,78.06,63.65,5,9,5,2,0,2,36.64,97.48,7,2,0
7.41,88.85,58.86,4,1,1,0,0,1,57.3,40.9,3,3,0
5.88,60.25,64.71,4,10,3,5,3,1,58.46,45.92,6,1,0
6.94,86.28,55.74,4,1,4,1,3,3,70.39,45.8,6,1,0
9.82,80.99,97.08,0,4,2,3,1,0,40.65,31.47,3,1,1
6.24,94.8,89.21,3,5,1,4,3,6,42.37,72.29,7,2,1
5.67,92.36,73.12,5,1,0,0,0,4,49.98,76.95,3,4,0
7.09,65.76,93.25,1,4,4,5,3,4,96.91,72.18,8,3,1
8.95,63.81,62.47,1,6,5,3,0,0,81.39,34.99,10,1,1
7.91,99.08,85.86,1,9,0,4,2,0,76.32,34.85,4,2,1
8.4,76.36,92.81,1,9,1,2,0,2,87.19,44.73,1,4,1
5.95,95.32,67.84,4,7,1,2,1,4,38.93,50.32,4,3,0
8.09,58.19,87.87,1,6,5,1,2,3,90.15,85.06,7,3,1
6.62,82.14,64.75,3,7,2,4,1,5,71.64,41.16,4,1,0
9.17,90.49,64.94,4,8,5,2,1,1,53.47,33.09,6,1,1
8.15,97.37,55.35,1,4,3,2,1,5,87.11,57.58,9,4,1
5.99,66.87,72.0,0,4,0,5,3,2,86.18,59.15,1,2,1
5.32,86.25,86.49,2,10,2,1,1,4,89.2,61.56,5,4,0
5.21,76.94,97.01,2,9,4,3,2,6,38.09,87.88,7,1,1
6.86,53.03,80.19,2,3,3,2,0,0,97.86,36.86,1,4,0
6.33,84.5,93.16,4,8,2,0,1,6,97.17,79.28,4,2,0
8.23,84.5,91.12,1,4,0,0,2,6,55.02,53.66,6,3,1
7.5,96.53,58.67,5,1,1,3,1,4,34.61,51.7,2,3,0
6.33,74.87,74.29,5,9,4,4,0,3,41.69,95.28,10,3,0
5.75,61.51,55.85,5,7,5,1,2,2,99.5,47.39,5,3,0
5.64,52.23,84.11,4,6,0,5,2,0,69.41,74.98,10,1,0
9.32,70.78,97.49,3,7,3,0,0,5,54.96,49.26,1,1,1
6.22,65.1,56.85,0,2,3,0,2,3,50.17,65.5,6,2,0
8.26,88.05,86.69,0,3,1,3,0,5,47.99,85.04,6,2,1
9.05,67.71,81.61,2,4,1,4,2,1,76.49,91.72,4,2,1
8.07,97.45,79.18,2,5,4,4,2,2,59.36,88.71,8,2,1
9.3,98.12,69.51,5,0,5,3,0,3,97.58,70.75,4,4,1
6.96,81.05,67.76,5,3,4,0,0,3,77.87,47.42,8,2,0
9.78,96.43,52.26,2,10,1,1,2,5,85.44,76.29,8,3,1
5.67,88.04,60.9,1,9,1,0,2,0,50.49,79.69,5,3,0
5.51,77.34,50.76,3,4,3,4,0,1,35.54,30.75,4,3,0
8.29,59.02,79.07,3,6,1,5,3,5,64.15,60.74,2,4,1
9.71,72.93,55.29,3,4,2,0,0,3,52.02,89.03,3,2,0
9.04,78.04,93.65,3,0,0,1,2,2,44.15,64.27,3,3,0
5.38,93.2,76.16,2,10,1,2,2,3,96.68,51.8,4,3,1
6.4,74.07,84.98,0,6,4,0,2,4,61.08,91.03,4,3,1
9.65,94.88,70.54,2,7,5,3,0,2,42.23,40.91,10,3,1
6.27,83.72,78.03,3,6,5,2,2,2,43.91,44.45,5,1,0
8.91,56.85,97.13,2,10,5,3,3,3,49.65,78.12,4,2,1
9.13,99.75,54.14,3,3,2,3,1,0,99.95,54.67,10,2,1
7.48,76.36,62.7,4,7,4,3,3,2,48.76,79.91,8,4,1
6.93,69.59,89.0,5,4,2,0,0,4,53.02,41.04,6,1,0
7.25,82.96,54.94,0,9,1,4,2,5,76.15,47.66,6,4,1
6.13,55.44,53.78,4,8,0,2,0,0,50.58,40.97,8,3,0
9.45,81.83,68.08,1,9,5,1,1,0,45.11,96.7,7,4,1
7.25,74.91,54.61,2,4,4,4,0,0,41.1,58.38,10,3,0
9.41,70.33,79.25,1,0,5,0,2,2,51.89,53.61,10,3,1
5.53,97.65,61.31,2,8,2,3,1,0,37.41,30.99,8,2,0
9.94,76.13,94.78,5,4,3,1,1,3,31.31,40.74,2,2,0
7.22,60.96,89.18,4,5,1,2,2,0,86.32,59.48,9,2,0
